Domain,Status,Attractiveness,Demand,Length,Sectors,Created,Expires,Registrar
brief.dental,available,124,19%,5,"Business,Education,General,Law",,,
complete.dental,available,120,21%,8,"Manufacturing,Retail,Technology",,,
wizard.dental,available,118,42%,6,"Entertainment,Media,Technology",,,
equal.dental,available,116,19%,5,"Education,General,Law",,,
tenth.dental,available,116,7%,5,Mathematics,,,
flat.dental,available,116,24%,4,"Construction,Real Estate",,,
tonic.dental,available,114,22%,5,"Health and Fitness,Medicine,Science",,,
acute.dental,available,112,9%,5,"Mathematics,Medicine,Science",,,
hotshot.dental,available,112,14%,7,"Business,Entertainment,Sports",,,
zero.dental,available,112,49%,4,Mathematics,,,
above.dental,available,112,22%,5,Business,,,
abstract.dental,available,108,29%,8,"Arts,Humanities,Science",,,
abiding.dental,available,106,5%,7,"General,Religion",,,
active.dental,available,104,27%,6,"Health and Fitness,Sports,Travel",,,
captive.dental,available,102,14%,7,"Entertainment,Hospitality,Technology",,,
absent.dental,available,102,8%,6,"Business,Education,Technology",,,
eight.dental,available,102,23%,5,"General,Mathematics",,,
extra.dental,available,102,26%,5,"Fashion,Retail,Technology",,,
whiz.dental,available,100,12%,4,"Business,Education,Technology",,,
ninth.dental,available,100,9%,5,Mathematics,,,
crack.dental,available,100,20%,5,Sports,,,
remove.dental,available,100,13%,6,"Construction,Manufacturing,Technology",,,
abrupt.dental,available,100,3%,6,"Medicine,Science",,,
third.dental,available,100,16%,5,Mathematics,,,
sixth.dental,available,100,8%,5,Mathematics,,,
adjunct.dental,available,100,5%,7,Education,,,
eighth.dental,available,100,6%,6,Mathematics,,,
whizz.dental,available,98,11%,5,"Business,Education,Technology",,,
doable.dental,available,96,9%,6,"Business,Education,Technology",,,
alamode.dental,available,96,12%,9,Fashion,,,
forgiving.dental,available,96,3%,9,"Healthcare,Religion",,,
academic.dental,available,96,20%,8,"Education,Humanities,Science",,,
actual.dental,available,96,22%,6,"Real Estate,Retail,Technology",,,
about.dental,available,94,28%,5,"Business,General,Media,Technology",,,
virtuoso.dental,available,94,16%,8,"Arts,Entertainment",,,
abject.dental,available,94,7%,6,Humanities,,,
around.dental,available,94,22%,6,"Business,General,Media,Technology",,,
adequate.dental,available,94,9%,8,"Education,Healthcare,Technology",,,
twentieth.dental,available,92,3%,9,Mathematics,,,
adept.dental,available,92,24%,5,"Education,Health and Fitness,Sports",,,
exemplary.dental,available,92,5%,9,"Business,Education,Healthcare",,,
next.dental,available,92,43%,4,"Retail,Technology,Transportation",,,
adjective.dental,available,92,5%,9,Education,,,
abroad.dental,available,92,12%,6,"Hospitality,Travel",,,
derelict.dental,available,92,7%,8,"Construction,Real Estate",,,
nought.dental,available,92,4%,6,Mathematics,,,
neutral.dental,available,92,20%,7,"Business,Media,Politics",,,
addictive.dental,available,90,9%,9,Healthcare,,,
abortive.dental,available,90,1%,8,"Medicine,Science",,,
leash.dental,available,90,7%,5,"General,Health and Fitness,Retail",,,
riveting.dental,available,90,6%,8,"Entertainment,Media,Technology",,,
additional.dental,available,90,8%,10,"Fashion,Retail,Technology",,,
adoring.dental,available,90,2%,7,"Entertainment,Fashion,Retail",,,
gripping.dental,available,90,3%,8,"Entertainment,Media,Technology",,,
endearing.dental,available,90,1%,9,"Entertainment,Fashion,Retail",,,
three.dental,available,88,24%,5,Mathematics,,,
adlib.dental,available,88,7%,6,Entertainment,,,
hundred.dental,available,88,14%,7,Mathematics,,,
twelve.dental,available,88,18%,6,"General,Mathematics",,,
wide.dental,available,88,18%,4,"Business,Media,Technology",,,
sixteen.dental,available,88,11%,7,Mathematics,,,
activist.dental,available,88,12%,8,"Humanities,Politics",,,
ten.dental,available,88,28%,3,"General,Mathematics",,,
proficient.dental,available,88,8%,10,"Education,Health and Fitness,Sports",,,
fifteen.dental,available,88,13%,7,Mathematics,,,
ace.dental,available,88,34%,3,Sports,,,
actionable.dental,available,88,13%,10,"Business,Law",,,
xiv.dental,available,86,12%,3,Mathematics,,,
aboriginal.dental,available,86,10%,10,Humanities,,,
extempore.dental,available,86,3%,9,Entertainment,,,
intent.dental,available,86,25%,6,"Business,Education,Technology",,,
recondite.dental,available,86,4%,9,"Arts,Humanities,Science",,,
cipher.dental,available,86,29%,6,Mathematics,,,
attendant.dental,available,86,5%,9,"Healthcare,Hospitality,Transportation",,,
engrossing.dental,available,86,0%,10,"Entertainment,Media,Technology",,,
xix.dental,available,86,11%,3,Mathematics,,,
adolescent.dental,available,86,3%,10,"Education,Entertainment,Healthcare",,,
twentyone.dental,available,84,13%,10,Mathematics,,,
sharp.dental,available,84,34%,5,"Arts,Fashion",,,
fourteen.dental,available,84,8%,8,Mathematics,,,
thirteen.dental,available,84,10%,8,Mathematics,,,
thousand.dental,available,84,8%,8,Mathematics,,,
acting.dental,available,84,12%,6,Entertainment,,,
nineteen.dental,available,84,8%,8,Mathematics,,,
seventeen.dental,available,84,7%,9,Mathematics,,,
deviate.dental,available,84,12%,7,"Medicine,Science",,,
adjustable.dental,available,84,3%,10,"Manufacturing,Retail,Technology",,,
accessory.dental,available,84,8%,9,"Fashion,Retail,Technology",,,
twentytwo.dental,available,84,11%,10,Mathematics,,,
abdominal.dental,available,82,1%,9,"Health and Fitness,Medicine",,,
impromptu.dental,available,82,16%,9,Entertainment,,,
enduring.dental,available,82,9%,8,"Health and Fitness,Religion",,,
abenaki.dental,available,82,2%,7,Geography,,,
fivesome.dental,available,82,1%,8,Sports,,,
abroach.dental,available,82,1%,7,Food and Beverage,,,
cleansing.dental,available,82,3%,9,Health and Fitness,,,
absorbent.dental,available,82,3%,9,"Healthcare,Manufacturing,Retail",,,
abkhaz.dental,available,82,1%,6,Geography,,,
altered.dental,available,82,9%,7,"Medicine,Science",,,
decade.dental,available,82,10%,6,Mathematics,,,
dozen.dental,available,82,10%,5,Mathematics,,,
superstar.dental,available,80,18%,9,Entertainment,,,
absurd.dental,available,80,16%,6,"Arts,Entertainment,Media",,,
some.dental,expiring,80,32%,4,"Business,Media,Retail",11/09/2024 18:31,11/09/2025 18:31,Squarespace Domains LLC
adoptable.dental,available,80,3%,9,"Education,Healthcare",,,
trio.dental,available,80,21%,4,Entertainment,,,
absolute.dental,available,80,25%,8,"Engineering,Mathematics,Science",,,
absorbable.dental,available,80,0%,10,"Healthcare,Pharmaceuticals,Science",,,
wiz.dental,available,80,30%,3,"Business,Education,Technology",,,
twenty.dental,available,80,12%,6,Mathematics,,,
dorsal.dental,available,80,6%,6,"Medicine,Science",,,
seventh.dental,available,80,10%,7,Mathematics,,,
nine.dental,available,80,24%,4,"General,Mathematics",,,
yard.dental,available,80,26%,4,"Construction,General",,,
capable.dental,available,80,12%,7,"Business,Education,Technology",,,
forty.dental,available,80,9%,5,Mathematics,,,
sequent.dental,available,80,7%,7,"Healthcare,Insurance,Transportation",,,
worshipful.dental,available,80,1%,10,"Education,Healthcare,Religion",,,
accidental.dental,available,78,11%,10,"Healthcare,Insurance,Transportation",,,
adorable.dental,available,78,8%,8,"Entertainment,Fashion,Retail",,,
low.dental,available,78,20%,3,"Business,Finance",,,
accessible.dental,expired,78,21%,10,"Healthcare,Retail,Technology",08/06/2015 02:00,08/06/2025 02:00,"GoDaddy.com, LLC"
absorptive.dental,available,78,1%,10,"Healthcare,Manufacturing,Retail",,,
adjacent.dental,available,78,9%,8,"Construction,Real Estate,Retail",,,
abounding.dental,available,78,2%,9,Agriculture,,,
acceptant.dental,available,78,1%,9,"Education,Healthcare",,,
dormant.dental,available,78,4%,7,"Medicine,Science",,,
recognised.dental,available,78,3%,10,"Business,Education,Technology",,,
accurate.dental,available,78,16%,8,"Engineering,Mathematics,Science",,,
twentysix.dental,available,78,8%,10,Mathematics,,,
athletic.dental,available,78,15%,8,"Health and Fitness,Sports",,,
abkhasian.dental,available,78,1%,9,Geography,,,
recognized.dental,available,78,3%,10,"Business,Education,Technology",,,
abkhazian.dental,available,78,1%,9,Geography,,,
honestly.dental,available,78,9%,8,"Business,Law",,,
adrenal.dental,available,78,4%,7,"Education,Healthcare,Science",,,
sixtynine.dental,available,78,8%,10,Mathematics,,,
accepted.dental,available,78,6%,8,"Business,Education,Technology",,,
acceptable.dental,available,78,5%,10,"Business,Hospitality,Retail",,,
abrasive.dental,available,76,6%,8,"Construction,Manufacturing",,,
adaptive.dental,available,76,28%,8,"Business,Education,Technology",,,
nineteenth.dental,available,76,3%,10,Mathematics,,,
thirteenth.dental,available,76,4%,10,Mathematics,,,
ancillary.dental,available,76,6%,9,"Healthcare,Manufacturing,Technology",,,
thousandth.dental,available,76,1%,10,Mathematics,,,
adipose.dental,available,76,2%,7,"Healthcare,Science",,,
ventral.dental,available,76,3%,7,Science,,,
adhesive.dental,available,76,7%,8,"Construction,Manufacturing,Technology",,,
hundredth.dental,available,76,1%,9,Mathematics,,,
auxiliary.dental,available,76,7%,9,"Healthcare,Manufacturing,Technology",,,
improvise.dental,available,76,4%,9,Entertainment,,,
adherent.dental,available,76,4%,8,"Politics,Religion",,,
diamond.dental,resell,76,32%,7,Fashion,17/01/2020 23:18,17/01/2026 23:18,Dynadot Inc
fifteenth.dental,available,76,2%,9,Mathematics,,,
fourteenth.dental,available,76,1%,10,Mathematics,,,
firstrate.dental,available,76,6%,10,Business,,,
adaptable.dental,available,76,9%,9,"Business,Education,Technology",,,
energizing.dental,available,76,3%,10,"Food and Beverage,Health and Fitness,Travel",,,
obscene.dental,available,76,5%,7,"Entertainment,Media",,,
acoustic.dental,available,76,14%,8,Science,,,
resultant.dental,available,76,2%,9,"Healthcare,Insurance,Transportation",,,
incidental.dental,available,76,4%,10,"Healthcare,Insurance,Transportation",,,
threed.dental,available,76,7%,7,Technology,,,
addable.dental,available,76,2%,7,"Engineering,Mathematics,Science",,,
eighteen.dental,available,76,7%,8,Mathematics,,,
ague.dental,available,76,2%,4,"Geography,Medicine,Science",,,
sensation.dental,available,74,7%,9,"Entertainment,Media,Sports",,,
adenoid.dental,available,74,1%,7,"Health and Fitness,Medicine,Science",,,
playing.dental,available,74,12%,7,Entertainment,,,
adapted.dental,available,74,6%,7,"Healthcare,Manufacturing,Technology",,,
activated.dental,available,74,9%,9,"Healthcare,Manufacturing,Technology",,,
supra.dental,available,74,25%,5,"Medicine,Science",,,
mavin.dental,available,74,7%,5,"Entertainment,Fashion,Technology",,,
admirable.dental,available,74,5%,9,"Business,Education,Healthcare",,,
achievable.dental,available,74,4%,10,"Business,Education,Technology",,,
acuate.dental,available,74,2%,6,"Engineering,Medicine,Science",,,
adrenergic.dental,available,74,1%,10,"Education,Healthcare,Science",,,
cleared.dental,available,74,7%,7,"Healthcare,Law,Transportation",,,
skilful.dental,available,74,3%,7,"Education,Health and Fitness,Sports",,,
accepting.dental,available,74,3%,9,"Education,Healthcare",,,
adamant.dental,available,74,14%,7,Religion,,,
manageable.dental,available,74,4%,10,"Business,Education,Technology",,,
abnormal.dental,available,74,16%,8,"Medicine,Science",,,
broad.dental,available,74,13%,5,"Entertainment,General,Media",,,
realizable.dental,available,74,1%,10,"Business,Education,Technology",,,
aberrant.dental,available,74,6%,8,"Medicine,Science",,,
ablaze.dental,available,72,6%,6,Entertainment,,,
seventieth.dental,available,72,1%,10,Mathematics,,,
adjectival.dental,available,72,1%,10,Education,,,
absorbed.dental,available,72,2%,8,"Entertainment,Media,Technology",,,
lovely.dental,available,72,26%,6,"Entertainment,Fashion,Retail",,,
adiabatic.dental,available,72,3%,9,"Engineering,Science",,,
absolutist.dental,available,72,1%,10,"Humanities,Law,Politics",,,
eightieth.dental,available,72,1%,9,Mathematics,,,
trinity.dental,available,72,18%,7,Religion,,,
abreast.dental,available,72,2%,7,"Business,Technology",,,
improvize.dental,available,72,1%,9,Entertainment,,,
existent.dental,available,72,3%,8,"Mathematics,Science",,,
adaptative.dental,available,72,1%,10,"Business,Education,Technology",,,
engrossed.dental,available,72,1%,9,"Entertainment,Media,Technology",,,
aching.dental,available,72,4%,6,Healthcare,,,
deep.dental,available,72,41%,4,"Engineering,Mathematics,Science",,,
champion.dental,available,72,28%,8,"Entertainment,Health and Fitness,Sports",,,
trey.dental,available,72,14%,4,Sports,,,
ninetieth.dental,available,72,1%,9,Mathematics,,,
ternary.dental,available,72,7%,7,Mathematics,,,
adonic.dental,available,72,2%,6,"Arts,Education,Entertainment",,,
liv.dental,available,72,27%,3,Mathematics,,,
accusative.dental,available,72,0%,10,"Humanities,Law",,,
abloom.dental,available,72,5%,6,Agriculture,,,
addicted.dental,available,72,9%,8,Healthcare,,,
sixtieth.dental,available,72,1%,8,Mathematics,,,
accustomed.dental,available,72,1%,10,"Business,Education,Humanities",,,
adjunctive.dental,available,72,1%,10,"Healthcare,Manufacturing,Technology",,,
practiced.dental,available,70,3%,9,"Education,Health and Fitness,Sports",,,
acuminate.dental,available,70,1%,9,"Engineering,Medicine,Science",,,
abulic.dental,available,70,1%,6,Medicine,,,
tiptop.dental,available,70,24%,6,Fashion,,,
adjusted.dental,available,70,5%,8,"Manufacturing,Retail,Technology",,,
consequent.dental,available,70,3%,10,"Business,Education,General,Technology",,,
skillful.dental,available,70,9%,8,"Education,Health and Fitness,Sports",,,
offhand.dental,available,70,2%,7,Entertainment,,,
adamantine.dental,available,70,4%,10,Religion,,,
absorbing.dental,available,70,3%,9,"Entertainment,Media,Technology",,,
stillborn.dental,available,70,2%,9,"Medicine,Science",,,
accumbent.dental,available,70,1%,9,"Healthcare,Medicine,Science",,,
abradant.dental,available,70,1%,8,"Construction,Manufacturing",,,
admired.dental,available,70,5%,7,"Business,Education,Healthcare",,,
gymnastic.dental,available,70,3%,9,"Entertainment,Sports",,,
lowdown.dental,available,70,6%,8,"Entertainment,Media",,,
recumbent.dental,available,70,2%,9,"Healthcare,Medicine,Science",,,
adored.dental,available,70,6%,6,"Entertainment,Fashion,Retail",,,
miserable.dental,available,70,4%,9,Humanities,,,
ane.dental,available,68,12%,3,Mathematics,,,
octonary.dental,available,68,1%,8,Mathematics,,,
aculeate.dental,available,68,1%,8,"Engineering,Medicine,Science",,,
achaean.dental,available,68,2%,7,Humanities,,,
activating.dental,available,68,3%,10,"Healthcare,Manufacturing,Technology",,,
fiftieth.dental,available,68,0%,8,Mathematics,,,
overseas.dental,available,68,12%,8,"Hospitality,Travel",,,
fortieth.dental,available,68,0%,8,Mathematics,,,
acerate.dental,available,68,1%,7,Science,,,
decorated.dental,available,68,3%,9,"Entertainment,Fashion,Retail",,,
stygian.dental,available,68,5%,7,Humanities,,,
foursome.dental,available,68,4%,8,Sports,,,
ablative.dental,available,68,3%,8,Science,,,
disciple.dental,available,68,14%,8,"Education,Religion",,,
achaian.dental,available,68,2%,7,Humanities,,,
scurvy.dental,available,68,3%,6,Humanities,,,
threesome.dental,available,68,5%,9,Entertainment,,,
septenary.dental,available,68,1%,9,Mathematics,,,
abnaki.dental,available,68,1%,6,Geography,,,
accredited.dental,available,68,9%,10,"Business,Education,Healthcare",,,
licenced.dental,available,68,2%,8,"Business,Healthcare,Insurance",,,
abkhas.dental,available,68,0%,6,Geography,,,
vindicated.dental,available,68,2%,10,"Humanities,Law,Politics",,,
aroused.dental,available,68,3%,7,"Entertainment,Health and Fitness",,,
licensed.dental,available,68,5%,8,"Business,Healthcare,Insurance",,,
aberdonian.dental,available,68,1%,10,Geography,,,
abducent.dental,available,68,0%,8,Medicine,,,
sevener.dental,available,68,1%,7,Mathematics,,,
thirtieth.dental,available,68,1%,9,Mathematics,,,
ennead.dental,available,68,5%,6,Mathematics,,,
ninety.dental,available,66,11%,6,Mathematics,,,
acappella.dental,available,66,6%,10,Entertainment,,,
tenner.dental,available,66,5%,6,Finance,,,
latest.dental,available,66,18%,6,Technology,,,
thirty.dental,available,66,8%,6,Mathematics,,,
clv.dental,available,66,10%,3,Mathematics,,,
onec.dental,available,66,6%,5,Mathematics,,,
buzzing.dental,available,66,7%,7,"Entertainment,Media,Technology",,,
according.dental,available,66,3%,9,"Business,Education,Technology",,,
xviii.dental,available,66,5%,5,Mathematics,,,
adopted.dental,available,66,4%,7,"Education,Healthcare",,,
adorned.dental,available,66,5%,7,"Entertainment,Fashion,Retail",,,
six.dental,available,66,26%,3,Mathematics,,,
sextet.dental,available,66,1%,6,Entertainment,,,
deuce.dental,available,66,9%,5,Sports,,,
xiii.dental,available,66,9%,4,Mathematics,,,
accessary.dental,available,66,1%,9,"Business,Law,Technology",,,
xxii.dental,available,66,6%,4,Mathematics,,,
acrobatic.dental,available,66,4%,9,"Entertainment,Sports",,,
xii.dental,available,66,10%,3,Mathematics,,,
xxvi.dental,available,66,3%,4,Mathematics,,,
performing.dental,available,66,6%,10,Entertainment,,,
acervate.dental,available,66,1%,8,Science,,,
teenager.dental,available,66,4%,8,"Education,Entertainment,Healthcare",,,
abstinent.dental,available,66,1%,9,"Health and Fitness,Religion",,,
xxi.dental,available,66,10%,3,Mathematics,,,
modish.dental,available,66,5%,6,Fashion,,,
xxv.dental,available,66,6%,3,Mathematics,,,
fifty.dental,available,66,12%,5,Mathematics,,,
eighty.dental,available,66,6%,6,Mathematics,,,
xvii.dental,available,66,5%,4,Mathematics,,,
xvi.dental,available,66,5%,3,Mathematics,,,
maven.dental,available,66,30%,5,"Entertainment,Fashion,Technology",,,
four.dental,available,66,27%,4,Mathematics,,,
century.dental,available,66,17%,7,Education,,,
exonerated.dental,available,66,2%,10,"Humanities,Law,Politics",,,
absolved.dental,available,64,1%,8,"Humanities,Law,Religion",,,
acentric.dental,available,64,2%,8,Science,,,
aflame.dental,available,64,3%,6,Entertainment,,,
astringent.dental,available,64,1%,10,"Healthcare,Pharmaceuticals",,,
scatty.dental,available,64,1%,6,"Arts,Entertainment,Media",,,
deviant.dental,available,64,12%,7,"Medicine,Science",,,
ccc.dental,available,64,38%,3,Mathematics,,,
adagio.dental,available,64,14%,6,Entertainment,,,
accordant.dental,available,64,3%,9,"Arts,Entertainment",,,
nondrinker.dental,available,64,1%,10,"Health and Fitness,Religion",,,
pungent.dental,available,62,1%,7,Food and Beverage,,,
wrapped.dental,available,62,13%,7,"Fashion,Hospitality,Retail",,,
admissible.dental,available,62,1%,10,"Education,Healthcare,Law",,,
abo.dental,available,62,15%,3,Science,,,
adoptive.dental,available,62,1%,8,"Education,Healthcare",,,
eighteenth.dental,available,62,1%,10,Mathematics,,,
longdozen.dental,available,62,2%,10,Mathematics,,,
accusing.dental,available,62,1%,8,Law,,,
chiliad.dental,available,62,2%,7,Mathematics,,,
aborigine.dental,available,62,1%,9,Humanities,,,
cumulative.dental,available,62,2%,10,"Banking,Finance,Insurance",,,
aufait.dental,available,62,3%,7,"Fashion,Media",,,
playacting.dental,available,62,1%,10,Entertainment,,,
activation.dental,available,62,16%,10,"Healthcare,Manufacturing,Technology",,,
troika.dental,available,62,8%,6,Politics,,,
activistic.dental,available,62,1%,10,"Humanities,Politics",,,
eleventh.dental,available,62,5%,8,Mathematics,,,
acidic.dental,available,62,5%,6,"Food and Beverage,Science",,,
orso.dental,available,62,9%,5,"Business,Media,Technology",,,
accrued.dental,available,62,2%,7,"Banking,Finance,Insurance",,,
roughly.dental,available,62,3%,7,"Business,Media,Technology",,,
nail.dental,available,62,16%,4,"Construction,Fashion,General,Retail",,,
adjuvant.dental,available,62,5%,8,"Healthcare,Manufacturing,Technology",,,
ensuant.dental,available,62,1%,7,"Healthcare,Insurance,Transportation",,,
quartet.dental,available,62,7%,7,"Arts,Entertainment",,,
fortyfour.dental,available,62,6%,10,Mathematics,,,
sixteenth.dental,available,62,1%,9,Mathematics,,,
twodozen.dental,available,62,1%,9,Mathematics,,,
exculpated.dental,available,62,1%,10,"Humanities,Law,Politics",,,
cxxv.dental,available,60,1%,4,Mathematics,,,
idolized.dental,available,60,3%,8,"Entertainment,Fashion,Retail",,,
idolised.dental,available,60,1%,8,"Entertainment,Fashion,Retail",,,
adnate.dental,available,60,1%,6,"Agriculture,Manufacturing,Retail",,,
aboveboard.dental,available,60,5%,10,"Business,Law",,,
thou.dental,available,60,7%,4,Mathematics,,,
clxxv.dental,available,60,1%,5,Mathematics,,,
paunchy.dental,available,60,0%,7,"Health and Fitness,Medicine",,,
cxxxv.dental,available,60,2%,5,Mathematics,,,
clxv.dental,available,60,1%,4,Mathematics,,,
cautionary.dental,available,60,1%,10,"Business,Education,Healthcare",,,
cxl.dental,available,60,7%,3,Mathematics,,,
cxxx.dental,available,60,4%,4,Mathematics,,,
annexal.dental,available,60,1%,7,"Agriculture,Manufacturing,Retail",,,
cxv.dental,available,60,4%,3,Mathematics,,,
acceptive.dental,available,60,1%,9,"Education,Healthcare",,,
octet.dental,available,60,12%,5,Arts,,,
abstainer.dental,available,60,0%,9,"Health and Fitness,Religion",,,
tertiary.dental,available,60,4%,8,Education,,,
abstemious.dental,available,60,0%,10,"Food and Beverage,Health and Fitness,Hospitality",,,
clxxx.dental,available,60,1%,5,Mathematics,,,
abashed.dental,available,60,1%,7,Humanities,,,
adnexal.dental,available,60,1%,7,"Agriculture,Manufacturing,Retail",,,
clxx.dental,available,60,3%,4,Mathematics,,,
sixty.dental,available,60,13%,5,Mathematics,,,
xcl.dental,available,60,5%,3,Mathematics,,,
clx.dental,available,60,10%,3,Mathematics,,,
cxx.dental,available,60,10%,3,Mathematics,,,
cxlv.dental,available,60,2%,4,Mathematics,,,
eightysix.dental,available,60,7%,10,Mathematics,,,
tercet.dental,available,59,2%,6,"Arts,Entertainment,Media",,,
abuzz.dental,available,58,5%,5,"Entertainment,Media,Technology",,,
accoutred.dental,available,58,1%,9,"Fashion,Manufacturing,Retail",,,
accented.dental,available,58,3%,8,"Arts,Entertainment",,,
sixtyone.dental,available,58,3%,9,Mathematics,,,
tetrad.dental,available,58,5%,6,Mathematics,,,
lxxviii.dental,available,58,1%,7,Mathematics,,,
eighter.dental,available,58,2%,7,Mathematics,,,
actuarial.dental,available,58,8%,9,"Finance,Insurance,Mathematics",,,
addible.dental,available,58,2%,7,"Engineering,Mathematics,Science",,,
ache.dental,available,58,7%,4,Healthcare,,,
centesimal.dental,available,58,1%,10,Mathematics,,,
heptad.dental,available,58,1%,6,Mathematics,,,
seventy.dental,available,58,7%,7,Mathematics,,,
alacarte.dental,available,58,11%,10,Food and Beverage,,,
hexad.dental,available,58,4%,5,Mathematics,,,
abridged.dental,available,58,4%,8,Media,,,
adhoc.dental,available,58,24%,6,"Business,Engineering,Technology",,,
enwrapped.dental,available,58,0%,9,"Entertainment,Fashion,Media",,,
sextuplet.dental,available,58,1%,9,Healthcare,,,
fourth.dental,available,58,13%,6,Mathematics,,,
fourscore.dental,available,58,4%,9,Mathematics,,,
niner.dental,available,58,5%,5,Mathematics,,,
adient.dental,available,58,4%,6,"Medicine,Science",,,
sixer.dental,available,58,5%,5,Sports,,,
abandoned.dental,available,58,10%,9,"Construction,Real Estate",,,
cypher.dental,available,58,29%,6,Mathematics,,,
addressed.dental,available,58,3%,9,"Business,Technology,Telecommunications",,,
justabout.dental,available,58,3%,10,"Business,Media,Technology",,,
acetic.dental,available,58,1%,6,"Food and Beverage,Science",,,
fifth.dental,available,58,12%,5,Mathematics,,,
twelfth.dental,available,58,2%,7,Mathematics,,,
adjustive.dental,available,58,1%,9,"Manufacturing,Retail,Technology",,,
octad.dental,available,58,5%,5,Mathematics,,,
linear.dental,available,58,22%,6,"Engineering,Mathematics,Science",,,
acyclic.dental,available,58,4%,7,"Engineering,Mathematics,Science",,,
accretive.dental,available,58,6%,9,"Banking,Finance,Insurance",,,
aucourant.dental,available,58,3%,10,"Fashion,Media",,,
abused.dental,available,58,5%,6,"Healthcare,Law",,,
pentad.dental,available,58,2%,6,Mathematics,,,
lxxx.dental,available,58,2%,4,Mathematics,,,
quintet.dental,available,58,8%,7,"Arts,Entertainment",,,
offhanded.dental,available,58,1%,9,Entertainment,,,
closeto.dental,available,58,3%,8,"Business,Media,Technology",,,
xxxiii.dental,available,56,2%,6,Mathematics,,,
thirtysix.dental,available,56,5%,10,Mathematics,,,
xxxvi.dental,available,56,1%,5,Mathematics,,,
xlviii.dental,available,56,1%,6,Mathematics,,,
xxxv.dental,available,56,4%,4,Mathematics,,,
xxiv.dental,available,56,5%,4,Mathematics,,,
xlvii.dental,available,56,2%,5,Mathematics,,,
addled.dental,available,56,2%,6,Entertainment,,,
xxviii.dental,available,56,1%,6,Mathematics,,,
xlvi.dental,available,56,3%,4,Mathematics,,,
fiftyfour.dental,available,56,3%,10,Mathematics,,,
xli.dental,available,56,5%,3,Mathematics,,,
maledict.dental,available,56,1%,8,Religion,,,
xxxiv.dental,available,56,1%,5,Mathematics,,,
fiftysix.dental,available,56,4%,9,Mathematics,,,
xlii.dental,available,56,5%,4,Mathematics,,,
lvii.dental,available,56,1%,4,Mathematics,,,
xlv.dental,available,56,6%,3,Mathematics,,,
accoutered.dental,available,56,0%,10,"Fashion,Manufacturing,Retail",,,
xxxi.dental,available,56,9%,4,Mathematics,,,
fiftyfive.dental,available,56,7%,10,Mathematics,,,
fortyone.dental,available,56,4%,9,Mathematics,,,
abdominous.dental,available,56,0%,10,"Health and Fitness,Medicine",,,
admittible.dental,available,56,1%,10,"Education,Healthcare,Hospitality",,,
fortytwo.dental,available,56,17%,9,Mathematics,,,
xliii.dental,available,56,1%,5,Mathematics,,,
abeyant.dental,available,56,1%,7,"Business,Law",,,
liii.dental,available,56,4%,4,Mathematics,,,
fiftytwo.dental,available,56,6%,9,Mathematics,,,
xxix.dental,available,56,4%,4,Mathematics,,,
xxxviii.dental,available,56,1%,7,Mathematics,,,
fiftynine.dental,available,56,4%,10,Mathematics,,,
xxiii.dental,available,56,5%,5,Mathematics,,,
terzetto.dental,available,56,3%,8,Arts,,,
admissive.dental,available,56,1%,9,"Education,Healthcare,Hospitality",,,
fortynine.dental,available,56,3%,10,Mathematics,,,
potbellied.dental,available,56,0%,10,"Health and Fitness,Medicine",,,
thirtytwo.dental,available,56,5%,10,Mathematics,,,
fiftyone.dental,available,56,7%,9,Mathematics,,,
appressed.dental,available,56,0%,9,"Agriculture,Manufacturing,Retail",,,
lviii.dental,available,56,1%,5,Mathematics,,,
xxvii.dental,available,56,3%,5,Mathematics,,,
halfdozen.dental,available,56,1%,10,Mathematics,,,
admittable.dental,available,56,1%,10,"Education,Healthcare,Hospitality",,,
ilx.dental,available,56,5%,3,Mathematics,,,
xxxvii.dental,available,56,2%,6,Mathematics,,,
xliv.dental,available,56,2%,4,Mathematics,,,
lvi.dental,available,56,8%,3,Mathematics,,,
thirtyone.dental,available,56,5%,10,Mathematics,,,
lii.dental,available,56,7%,3,Mathematics,,,
xxxii.dental,available,56,1%,5,Mathematics,,,
fortysix.dental,available,56,3%,9,Mathematics,,,
aone.dental,available,56,15%,5,Food and Beverage,,,
adjuratory.dental,available,54,0%,10,"Law,Politics,Religion",,,
quaternity.dental,available,54,4%,10,Mathematics,,,
deuceace.dental,available,54,2%,9,Sports,,,
sise.dental,available,54,5%,4,Mathematics,,,
abient.dental,available,54,1%,6,Science,,,
vii.dental,available,54,13%,3,Mathematics,,,
adaxial.dental,available,54,2%,7,Science,,,
abducens.dental,available,54,1%,8,Medicine,,,
fortyfive.dental,available,54,4%,10,Mathematics,,,
fin.dental,available,54,30%,3,Finance,,,
adducting.dental,available,54,1%,9,"Engineering,Mathematics,Science",,,
aboral.dental,available,54,2%,6,Science,,,
adducent.dental,available,54,1%,8,"Engineering,Mathematics,Science",,,
adpressed.dental,available,54,0%,9,"Agriculture,Manufacturing,Retail",,,
iii.dental,available,54,24%,3,Mathematics,,,
unnatural.dental,available,54,4%,9,"Medicine,Science",,,
achy.dental,available,54,3%,4,Healthcare,,,
abatable.dental,available,54,1%,8,Law,,,
quintuplet.dental,available,54,1%,10,"Healthcare,Medicine,Science",,,
scratchy.dental,available,54,3%,8,Fashion,,,
deserted.dental,available,54,3%,8,"Hospitality,Real Estate",,,
threescore.dental,available,54,1%,10,Mathematics,,,
quatern.dental,available,54,2%,7,Mathematics,,,
admonitory.dental,available,54,0%,10,"Business,Education,Healthcare",,,
actuated.dental,available,54,2%,8,"Automotive,Manufacturing,Technology",,,
achromatic.dental,available,54,4%,10,Science,,,
viii.dental,available,54,6%,4,Mathematics,,,
ternion.dental,available,54,3%,7,Mathematics,,,
twoscore.dental,available,54,2%,8,Mathematics,,,
abasic.dental,available,54,1%,6,Science,,,
accursed.dental,available,54,3%,8,"Entertainment,Media,Religion",,,
adductive.dental,available,54,0%,9,"Engineering,Mathematics,Science",,,
quaternion.dental,available,54,6%,10,Mathematics,,,
accentual.dental,available,54,3%,9,"Arts,Entertainment",,,
abaxial.dental,available,54,1%,7,Science,,,
abatic.dental,available,54,1%,6,Science,,,
monitory.dental,available,54,3%,8,"Business,Education,Healthcare",,,
topnotch.dental,available,54,18%,8,Business,,,
quadruplet.dental,available,54,1%,10,"Healthcare,Medicine,Science",,,
abhorrent.dental,available,54,1%,9,Humanities,,,
acoustical.dental,available,54,4%,10,Science,,,
sestet.dental,available,53,1%,6,Arts,,,
septet.dental,available,53,1%,6,General,,,
xxx.dental,available,53,30%,3,"Arts,Entertainment,Media",,,
adenoidal.dental,available,52,1%,9,"Health and Fitness,Medicine,Science",,,
lxvi.dental,available,52,3%,4,Mathematics,,,
decumbent.dental,available,52,1%,9,"Healthcare,Medicine,Science",,,
lxiii.dental,available,52,2%,5,Mathematics,,,
abusive.dental,available,52,3%,7,"Healthcare,Law",,,
littlejoe.dental,available,52,2%,10,"Entertainment,Media",,,
xcviii.dental,available,52,1%,6,Mathematics,,,
aboulic.dental,available,52,1%,7,Medicine,,,
sixtyfour.dental,available,52,3%,10,Mathematics,,,
lxxxii.dental,available,52,1%,6,Mathematics,,,
lxxxvi.dental,available,52,1%,6,Mathematics,,,
lxxxiii.dental,available,52,1%,7,Mathematics,,,
uphill.dental,available,52,7%,6,"Sports,Transportation,Travel",,,
lxxiv.dental,available,52,1%,5,Mathematics,,,
xcii.dental,available,52,2%,4,Mathematics,,,
xciii.dental,available,52,1%,5,Mathematics,,,
sixtytwo.dental,available,52,3%,9,Mathematics,,,
ixl.dental,available,52,9%,3,Mathematics,,,
xcvi.dental,available,52,2%,4,Mathematics,,,
ninetysix.dental,available,52,4%,10,Mathematics,,,
lxxvi.dental,available,52,1%,5,Mathematics,,,
abominable.dental,available,52,2%,10,"Entertainment,Humanities",,,
xciv.dental,available,52,2%,4,Mathematics,,,
odious.dental,available,52,2%,6,"Entertainment,Humanities",,,
repulsive.dental,available,52,1%,9,Humanities,,,
abstruse.dental,available,52,5%,8,"Humanities,Mathematics,Science",,,
detestable.dental,available,52,1%,10,Humanities,,,
ablated.dental,available,52,1%,7,Science,,,
sixtysix.dental,available,52,4%,9,Mathematics,,,
lxiv.dental,available,52,3%,4,Mathematics,,,
eightyone.dental,available,52,3%,10,Mathematics,,,
lxxxi.dental,available,52,1%,5,Mathematics,,,
xcv.dental,available,52,7%,3,Mathematics,,,
lxxxiv.dental,available,52,1%,6,Mathematics,,,
lxxxv.dental,available,52,1%,5,Mathematics,,,
ixc.dental,available,52,5%,3,Mathematics,,,
lxxv.dental,available,52,1%,4,Mathematics,,,
lxvii.dental,available,52,1%,5,Mathematics,,,
repugnant.dental,available,52,1%,9,Humanities,,,
lxii.dental,available,52,1%,4,Mathematics,,,
lxxii.dental,available,52,1%,5,Mathematics,,,
sixtyfive.dental,available,52,3%,10,Mathematics,,,
chagrined.dental,available,52,1%,9,Humanities,,,
lxxxvii.dental,available,52,1%,7,Mathematics,,,
lxxiii.dental,available,52,1%,6,Mathematics,,,
lxi.dental,available,52,5%,3,Mathematics,,,
xcvii.dental,available,52,1%,5,Mathematics,,,
eightytwo.dental,available,52,4%,10,Mathematics,,,
lxxi.dental,available,52,1%,4,Mathematics,,,
tierce.dental,available,52,3%,6,General,,,
lxv.dental,available,52,5%,3,Mathematics,,,
ninetyone.dental,available,52,5%,10,Mathematics,,,
abysmal.dental,available,52,4%,7,"Arts,Entertainment,Media",,,
ninetytwo.dental,available,52,4%,10,Mathematics,,,
lxxvii.dental,available,52,2%,6,Mathematics,,,
lxviii.dental,available,52,1%,6,Mathematics,,,
xci.dental,available,52,4%,3,Mathematics,,,
acapnotic.dental,available,50,0%,9,"Healthcare,Medicine,Science",,,
triplet.dental,available,50,8%,7,Science,,,
spinous.dental,available,50,1%,7,"Agriculture,Science",,,
abdicable.dental,available,50,0%,9,Law,,,
quint.dental,available,50,13%,5,"Arts,Entertainment",,,
adactylous.dental,available,50,0%,10,Science,,,
gillless.dental,available,50,0%,9,Science,,,
needlelike.dental,available,50,0%,10,"Engineering,Medicine,Science",,,
abactinal.dental,available,50,0%,9,Science,,,
broached.dental,available,50,0%,8,Food and Beverage,,,
lxx.dental,available,50,5%,3,Mathematics,,,
acetose.dental,available,50,1%,7,Science,,,
aculeated.dental,available,50,0%,9,"Engineering,Medicine,Science",,,
acerose.dental,available,50,1%,7,Science,,,
abducting.dental,available,50,0%,9,Medicine,,,
trine.dental,available,50,11%,5,"General,Religion",,,
aborticide.dental,available,50,0%,10,Medicine,,,
acapnic.dental,available,50,0%,7,"Healthcare,Medicine,Science",,,
abranchial.dental,available,50,0%,10,Science,,,
acellular.dental,available,50,1%,9,Science,,,
vinegary.dental,available,50,1%,8,Food and Beverage,,,
scummy.dental,available,50,1%,6,Humanities,,,
acquitted.dental,available,50,1%,9,Law,,,
acerbic.dental,available,50,2%,7,"Arts,Humanities,Media",,,
acaudal.dental,available,50,1%,7,"Agriculture,Science",,,
ogdoad.dental,available,50,1%,6,Mathematics,,,
adhominem.dental,available,50,2%,10,"Humanities,Law,Politics",,,
acetous.dental,available,50,1%,7,Science,,,
abomasal.dental,available,50,0%,8,Agriculture,,,
cinque.dental,available,50,7%,6,Mathematics,,,
acerb.dental,available,50,2%,5,Science,,,
abbatial.dental,available,50,0%,8,Religion,,,
execrable.dental,available,48,0%,9,"Entertainment,Humanities",,,
lxxxviii.dental,available,48,1%,8,Mathematics,,,
ilxx.dental,available,48,1%,4,Mathematics,,,
notguilty.dental,available,48,5%,10,Law,,,
abyssal.dental,available,48,12%,7,"Arts,Entertainment,Media",,,
apriori.dental,available,48,13%,8,Mathematics,,,
abstracted.dental,available,48,5%,10,"Arts,Humanities,Science",,,
ilxxx.dental,available,48,1%,5,Mathematics,,,
acaudate.dental,available,46,1%,8,"Agriculture,Science",,,
acetylenic.dental,available,46,1%,10,Science,,,
acapnial.dental,available,46,0%,8,"Healthcare,Medicine,Science",,,
achenial.dental,available,46,1%,8,Science,,,
acicular.dental,available,46,2%,8,Science,,,
vinegarish.dental,available,46,1%,10,Food and Beverage,,,
acetylic.dental,available,46,1%,8,Science,,,
acephalous.dental,available,46,1%,10,Science,,,
theabsurd.dental,available,46,1%,10,"Arts,Entertainment,Media",,,
stemless.dental,available,46,2%,8,"Agriculture,Science",,,
achromous.dental,available,46,1%,9,Science,,,
acarpous.dental,available,46,0%,8,"Agriculture,Science",,,
acanthotic.dental,available,46,0%,10,"Agriculture,Science",,,
achromic.dental,available,46,2%,8,Science,,,
acanthous.dental,available,46,0%,9,"Agriculture,Science",,,
cotyloid.dental,available,46,1%,8,Science,,,
acarpelous.dental,available,46,0%,10,"Agriculture,Science",,,
quaternary.dental,available,46,3%,10,Mathematics,,,
acetabular.dental,available,46,1%,10,Science,,,
acanthoid.dental,available,46,1%,9,"Agriculture,Science",,,
acheronian.dental,available,46,1%,10,Humanities,,,
stripling.dental,available,46,2%,9,"Education,Entertainment,Healthcare",,,
acetonic.dental,available,46,1%,8,Science,,,
cotyloidal.dental,available,44,1%,10,Science,,,
acherontic.dental,available,44,1%,10,Humanities,,,
accusatory.dental,available,44,1%,10,Law,,,
phoebe.dental,available,41,14%,6,Science,,,
abscessed.dental,available,41,0%,9,Healthcare,,,
accurst.dental,available,40,1%,7,Religion,,,
accusive.dental,available,40,1%,8,Law,,,
scurrilous.dental,available,40,1%,10,"Entertainment,Media,Politics",,,